ast_serialize-0.6.0-cp39-abi3-manylinux_2_17_x86_64.manylinux2014_x86_64.whl	1261693	dcbed41e9386059fc0261d602445ede0976c2ecec2939688bcbcb9ed0b6f28b7
build-1.5.0-py3-none-any.whl	26018	13f3eecb844759ab66efec90ca17639bbf14dc06cb2fdf37a9010322d9c50a6f
colorama-0.4.6-py2.py3-none-any.whl	25335	4f1d9991f5acc0ca119f9d443620b77f9d6b33703e51011c16baf57afb285fc6
filelock-3.32.2-py3-none-any.whl	98830	87dd94cf281e586d135fa51132b8e3d9a598b316e90377a288663c9321036c82
flatbuffers-25.12.19-py2.py3-none-any.whl	26661	7634f50c427838bb021c2d66a3d1168e9d199b0607e6329399f04846d42e20b4
fsspec-2026.7.0-py3-none-any.whl	206583	b57ddbafedfaef7018c1ecab32aa200a9d7ca26b77965f64e48b70061249d279
iniconfig-2.3.0-py3-none-any.whl	7484	f631c04d2c48c52b84d0d0549c99ff3859c98df65b3101406327ecc7d53fbf12
jinja2-3.1.6-py3-none-any.whl	134899	85ece4451f492d0c13c5dd7c13a64681a86afae63a5f347908daf103ce6d2f67
librt-0.13.0-cp312-cp312-manylinux2014_x86_64.manylinux_2_17_x86_64.manylinux_2_28_x86_64.whl	531786	b222493da6e7b6199db9bd79502436cf5a27da3c1f7fa83c7e285444fc93fd03
loguru-0.7.3-py3-none-any.whl	61595	31a33c10c8e1e10422bfd431aeb5d351c7cf7fa671e3c4df004162264b28220c
markupsafe-3.0.3-cp312-cp312-manylinux2014_x86_64.manylinux_2_17_x86_64.manylinux_2_28_x86_64.whl	22947	d6dd0be5b5b189d31db7cda48b91d7e0a9795f31430b7f271219ab30f1d3ac9d
ml_dtypes-0.5.4-cp312-cp312-manylinux_2_27_x86_64.manylinux_2_28_x86_64.whl	5009002	9ad459e99793fa6e13bd5b7e6792c8f9190b4e5a1b45c63aba14a4d0a7f1d5ff
mpmath-1.3.0-py3-none-any.whl	536198	a0b2b9fe80bbcd81a6647ff13108738cfb482d481d826cc0e02f5b35e5c88d2c
mypy-2.3.0-cp312-cp312-manylinux2014_x86_64.manylinux_2_17_x86_64.manylinux_2_28_x86_64.whl	15286904	56c184d2c20ca6b6378d58d1960270a767f41f5e44acbbd27f05effef4f4e1d7
mypy_extensions-1.1.0-py3-none-any.whl	4963	1be4cccdb0f2482337c4743e60421de3a356cd97508abadd57d47403e94f5505
networkx-3.6.1-py3-none-any.whl	2068504	d47fbf302e7d9cbbb9e2555a0d267983d2aa476bac30e90dfbe5669bd57f3762
numpy-2.4.2-cp312-cp312-manylinux_2_27_x86_64.manylinux_2_28_x86_64.whl	16619782	9e35d3e0144137d9fdae62912e869136164534d64a169f86438bc9561b6ad49f
numpy-2.5.1-cp312-cp312-manylinux_2_27_x86_64.manylinux_2_28_x86_64.whl	16672469	59fda5e192b570217ec2580c96f00e9a7e12ef6866a900eb089b62c1a32545ca
onnx-1.21.0-cp312-abi3-manylinux_2_27_x86_64.manylinux_2_28_x86_64.whl	17613697	a9261bd580fb8548c9c37b3c6750387eb8f21ea43c63880d37b2c622e1684285
onnx_graphsurgeon-0.6.1-py2.py3-none-any.whl	59337	fabc53fc60909dd032cfd889016dd5d4139ab566af4a9039002818f552c73547
onnxconverter_common-1.16.0-py2.py3-none-any.whl	89511	df39ee96f17fff119dff10dd245467651b60b9e8a96020eb93402239794852f7
onnxruntime-1.24.3-cp312-cp312-manylinux_2_27_x86_64.manylinux_2_28_x86_64.whl	17237101	b354afce3333f2859c7e8706d84b6c552beac39233bcd3141ce7ab77b4cabb5d
onnxslim-0.1.87-py3-none-any.whl	235938	5dc875605e7c962011abe6370c1fbb6b2683dece8f4ef49ecbbee792dc39f403
opencv_python-4.13.0.90-cp37-abi3-manylinux_2_28_x86_64.whl	72926629	d6716f16149b04eea52f953b8ca983d60dd9cd4872c1fd5113f6e2fcebb90e93
packaging-26.2-py3-none-any.whl	100195	5fc45236b9446107ff2415ce77c807cee2862cb6fac22b8a73826d0693b0980e
pandas-3.0.0-cp312-cp312-manylinux_2_24_x86_64.manylinux_2_28_x86_64.whl	10864519	69780c98f286076dcafca38d8b8eee1676adf220199c0a39f0ecbf976b68151a
pathspec-1.1.1-py3-none-any.whl	57328	a00ce642f577bf7f473932318056212bc4f8bfdf53128c78bbd5af0b9b20b189
pillow-12.3.0-cp312-cp312-manylinux_2_27_x86_64.manylinux_2_28_x86_64.whl	6940830	78cb2c6865a35ab8ff8b75fd122f6033b92a62c82801110e48ddd6c936a45d91
pip-26.0.1-py3-none-any.whl	1787723	bdb1b08f4274833d62c1aa29e20907365a2ceb950410df15fc9521bad440122b
pluggy-1.6.0-py3-none-any.whl	20538	e920276dd6813095e9377c0bc5566d94c932c33b27a3e3945d8389c374dd4746
protobuf-6.33.5-cp39-abi3-manylinux2014_x86_64.whl	323465	cbf16ba3350fb7b889fca858fb215967792dc125b35c7976ca4818bee3521cf0
pygments-2.20.0-py3-none-any.whl	1231151	81a9e26dd42fd28a23a2d169d86d7ac03b46e2f8b59ed4698fb4785f946d0176
pyproject_hooks-1.2.0-py3-none-any.whl	10216	9e5c6bfa8dcc30091c74b0cf803c81fdd29d94f01992a7707bc97babb1141913
pytest-9.1.1-py3-none-any.whl	386536	37a86b45efb9a47a61a36449063e8e18d0cab3161329fc099eb21783169c4f0c
python_dateutil-2.9.0.post0-py2.py3-none-any.whl	229892	a8b2bc7bffae282281c8140a97d3aa9c14da0b136dfe83f850eea9a5f7470427
ruff-0.16.1-py3-none-manylinux_2_17_x86_64.manylinux2014_x86_64.whl	11468183	39897739f112253ee4fdd2e8aa9a4f9ded99fb2be367d5f31dfa4ded6025584c
setuptools-82.0.0-py3-none-any.whl	1003468	70b18734b607bd1da571d097d236cfcfacaf01de45717d59e6e04b96877532e0
setuptools-83.0.0-py3-none-any.whl	1008090	29b23c360f22f414dc7336bb39178cc7bcbf6021ed2733cde173f09dba19abb3
six-1.17.0-py2.py3-none-any.whl	11050	4721f391ed90541fddacab5acf947aa0d3dc7d27b2e1e8eda2be8970586c3274
sympy-1.14.0-py3-none-any.whl	6299353	e091cc3e99d2141a0ba2847328f5479b05d94a6635cb96148ccb3f34671bd8f5
tabulate-0.9.0-py3-none-any.whl	35252	024ca478df22e9340661486f85298cff5f6dcdba14f3813e8830015b9ed1948f
torch-2.10.0+cpu-cp312-cp312-manylinux_2_28_x86_64.whl	188943803	ee40b8a4b4b2cf0670c6fd4f35a7ef23871af956fecb238fbf5da15a72650b1d
torchvision-0.25.0+cpu-cp312-cp312-manylinux_2_28_x86_64.whl	1928072	c1be164e93c68b2dbf460fd58975377c892dbcf3358fb72941709c3857351bba
tqdm-4.67.3-py3-none-any.whl	78374	ee1e4c0e59148062281c49d80b25b67771a127c85fc9676d3be5f243206826bf
typing_extensions-4.16.0-py3-none-any.whl	45571	481caa481374e813c1b176ada14e97f1f67a4539ce9cfeb3f350d78d6370c2e8
wheel-0.46.3-py3-none-any.whl	30557	4b399d56c9d9338230118d705d9737a2a468ccca63d5e813e2a4fc7815d8bc4d
